﻿<?xml version="1.0" encoding="utf-8" ?>
<Request>
  <RequestType FetchType="GET" Operation="GetCustomer">
    <spName>uspGetCustomers</spName>
    <MapParam>
      <DbParam>@CustomerId</DbParam>
      <ClassParam>CustomerId</ClassParam>
    </MapParam>
  </RequestType>
  <RequestType FetchType="GET" Operation="SearchCustomer">
    <spName>uspSearchCustomer</spName>
    <MapParam>
      <DbParam>@Abbreviation</DbParam>
      <ClassParam>Abbreviation</ClassParam>
    </MapParam>
    <MapParam>
      <DbParam>@CustomerName</DbParam>
      <ClassParam>CustomerName</ClassParam>
    </MapParam>
  </RequestType>
  <RequestType FetchType="GET" Operation="CustomerMaster">
    <spName>UspGetCompanyMaster</spName>
  </RequestType>
  
  <RequestType FetchType="SET">
    <spName>UspSaveCustomers</spName>
    <MapParam>
      <DbParam>@XmlData</DbParam>
      <ClassParam>XmlData</ClassParam>
    </MapParam>  
  </RequestType>

  <RequestType FetchType="SET" Operation="DeleteCustomer">
    <spName>UspDeleteCustomers</spName>
    <MapParam>
      <DbParam>@CustomerName</DbParam>
      <ClassParam>CustomerName</ClassParam>
    </MapParam>
    <MapParam>
      <DbParam>@Abbreviation</DbParam>
      <ClassParam>Abbreviation</ClassParam>
    </MapParam>    
  </RequestType>
</Request>
  