﻿<?xml version="1.0" encoding="utf-8" ?>
<Request>
  <RequestType FetchType="GET" Operation="GetLibraryList">
    <spName>UspGetMessageLibrary</spName>
    <MapParam>
      <DbParam>@CustomerId</DbParam>
      <ClassParam>CustomerId</ClassParam>
    </MapParam>
    <MapParam>
      <DbParam>@LibTypeId</DbParam>
      <ClassParam>LibTypeId</ClassParam>
    </MapParam>
  </RequestType>

  <RequestType FetchType="GET" Operation="GetList">
    <spName>UspGetFileLibraryList</spName>
    <MapParam>
      <DbParam>@CustomerId</DbParam>
      <ClassParam>CustomerId</ClassParam>
    </MapParam>   
  </RequestType>
  <RequestType FetchType="GET" Operation="GetFile">
    <spName>UspGetFileLibrary</spName>
    <MapParam>
      <DbParam>@FileLibId</DbParam>
      <ClassParam>FileLibId</ClassParam>
    </MapParam>
  </RequestType>
  <RequestType FetchType="GET" Operation="SearchFileLibraryDetails">
    <spName>UspSearchFileDetails</spName>
    <MapParam>
      <DbParam>@fileLibId</DbParam>
      <ClassParam>fileLibId</ClassParam>
    </MapParam>
    <MapParam>
      <DbParam>@CategoryId</DbParam>
      <ClassParam>CategoryId</ClassParam>
    </MapParam>
  </RequestType>

  <RequestType FetchType="GET" Operation="DeleteFileLibrary">
    <spName>UspDeleteLibrary</spName>
    <MapParam>
      <DbParam>@LibraryId</DbParam>
      <ClassParam>LibraryId</ClassParam>
    </MapParam>
  </RequestType>
  <RequestType FetchType="SET" Operation="SaveFileLibrary">
    <spName>UspSaveFileLibrary</spName>
    <MapParam>
      <DbParam>@XmlData</DbParam>
      <ClassParam>XmlData</ClassParam>
    </MapParam>
  </RequestType>
  <RequestType FetchType="SET" Operation="SaveFileCategory">
    <spName>UspSaveFileCategory</spName>
    <MapParam>
      <DbParam>@XmlData</DbParam>
      <ClassParam>XmlData</ClassParam>
    </MapParam>
  </RequestType>
 
</Request>