﻿<?xml version="1.0" encoding="utf-8" ?>
<Request>
  <RequestType FetchType="GET" Operation="GetGraphicLibrary">
    <spName>UspGetGraphicLibrary</spName>
    <MapParam>
      <DbParam>@CustomerId</DbParam>
      <ClassParam>CustomerId</ClassParam>
    </MapParam>
    <MapParam>
      <DbParam>@LibTypeId</DbParam>
      <ClassParam>LibTypeId</ClassParam>
    </MapParam>   
  </RequestType>
  <RequestType FetchType="GET" Operation="GetGraphicCategory">
    <spName>UspGetLibraryCategory</spName>
    <MapParam>
      <DbParam>@LibId</DbParam>
      <ClassParam>LibId</ClassParam>
    </MapParam>
    <MapParam>
      <DbParam>@TypeName</DbParam>
      <ClassParam>LibType</ClassParam>
    </MapParam>
  </RequestType>
  <RequestType FetchType="SET" Operation="UspSaveGraphicLibrary">
    <spName>uspSaveLibraryCategory</spName>
    <MapParam>
      <DbParam>@XmlData</DbParam>
      <ClassParam>XmlData</ClassParam>
    </MapParam>
  </RequestType>
  <RequestType FetchType="SET" Operation="UspSaveGraphicCategory">
    <spName>UspSaveMessageCategory</spName>
    <MapParam>
      <DbParam>@XmlData</DbParam>
      <ClassParam>XmlData</ClassParam>
    </MapParam>
  </RequestType>
  
  <RequestType FetchType="GET" Operation="SearchGraphicFromLibrary">
    <spName>UspSearchGraphicDetails</spName>
    <MapParam>
      <DbParam>@LibId</DbParam>
      <ClassParam>LibId</ClassParam>
    </MapParam>
    <MapParam>
      <DbParam>@CategoryId</DbParam>
      <ClassParam>CategoryId</ClassParam>
    </MapParam>
  </RequestType>
  <RequestType FetchType="GET" Operation="SearchGraphicLibraryDetails">
    <spName>UspGetGraphicInfo</spName>
    <MapParam>
      <DbParam>@GraphicLibId</DbParam>
      <ClassParam>GraphicLibId</ClassParam>
    </MapParam>   
  </RequestType>
  <RequestType FetchType="SET" Operation="SaveGraphicsFile">
    <spName>UspSaveGraphicFiles</spName>
    <MapParam>
      <DbParam>@XmlData</DbParam>
      <ClassParam>XmlData</ClassParam>
    </MapParam>
  </RequestType>
  <RequestType FetchType="GET" Operation="DeleteGraphicLibrary">
    <spName>UspDeleteGraphicLibrary</spName>
    <MapParam>
      <DbParam>@GraphicLibId</DbParam>
      <ClassParam>GraphicLibId</ClassParam>
    </MapParam>
  </RequestType>
  <RequestType FetchType="GET" Operation="CheckCategory">
    <spName>UspCheckLibraryCategory</spName>
    <MapParam>
      <DbParam>@LibId</DbParam>
      <ClassParam>LibId</ClassParam>
    </MapParam>
    <MapParam>
      <DbParam>@CategoryId</DbParam>
      <ClassParam>CategoryId</ClassParam>
    </MapParam>
  </RequestType>
</Request>