﻿<?xml version="1.0" encoding="utf-8" ?>
  <source id="MEMBER" name="MEMBER">
    <fileType>CSV</fileType>
    <sourcefields>
      <field id="FirstName">
        <dstname>FirstName</dstname>
        <srcname>FName</srcname>
      </field>
      <field id="LastName">
        <dstname>LastName</dstname>
        <srcname>LName</srcname>
      </field>
      <field id="Gender">
        <dstname>Gender</dstname>
        <srcname>Gender</srcname>
      </field>
      <field id="BirthDate">
        <dstname>BirthDate</dstname>
        <srcname>DOB</srcname>
      </field>
      <field id="Email">
        <dstname>EmailId</dstname>
        <srcname>Email</srcname>
      </field>
      <field id="Town">
        <dstname>Town</dstname>
        <srcname>Town</srcname>
      </field>
      <field id="UDF1">
        <dstname>UDF1</dstname>
        <srcname>UDF1</srcname>
      </field>
      <field id="UDF2">
        <dstname>UDF2</dstname>
        <srcname>UDF2</srcname>
      </field>
      <field id="UDF3">
        <dstname>UDF3</dstname>
        <srcname>UDF3</srcname>
      </field>
      <field id="UDF4">
        <dstname>UDF4</dstname>
        <srcname>UDF4</srcname>
      </field>
      <field id="UDF5">
        <dstname>UDF5</dstname>
        <srcname>UDF5</srcname>
      </field>
      <field id="SessionId">
        <dstname>SessionId</dstname>
        <srcname>SessionId</srcname>
      </field>
      <field id="PanelistId">
        <dstname>PanelistId</dstname>
        <srcname>ParentId</srcname>
      </field>
      <field id="CustomerId">
        <dstname>CustomerId</dstname>
        <srcname>CustomerId</srcname>
      </field>
      <field id="UserId">
        <dstname>UserId</dstname>
        <srcname>UserId</srcname>
      </field>
    </sourcefields>
  </source>
