﻿<?xml version="1.0" encoding="utf-8" ?>
<source id="SoundClip" name="SoundClip">
  <fileType>XLS</fileType>
  <sourcefields>
    <field id="Title">
      <dstname>Title</dstname>
      <srcname>Title</srcname>
    </field>
    <field id="Artist">
      <dstname>Artist</dstname>
      <srcname>Artist</srcname>
    </field>
    <field id="FileLibYear">
      <dstname>FileLibYear</dstname>
      <srcname>FileLibYear</srcname>
    </field>
    <field id="FilePath">
      <dstname>FilePath</dstname>
      <srcname>FilePath</srcname>
    </field>    
    <field id="SessionId">
      <dstname>SessionId</dstname>
      <srcname>SessionId</srcname>
    </field>
    <field id="FileLibId">
      <dstname>FileLibId</dstname>
      <srcname>ParentId</srcname>
    </field>
    <field id="CustomerId">
      <dstname>CustomerId</dstname>
      <srcname>CustomerId</srcname>
    </field>
    <field id="UserId">
      <dstname>UserId</dstname>
      <srcname>UserId</srcname>
    </field>
  </sourcefields>
</source>
