﻿<?xml version="1.0" encoding="utf-8" ?>
<Request>
  <RequestType FetchType="SET" Operation="SaveUploadSession">
    <spName>UspSaveSession</spName>
    <MapParam>
      <DbParam>@XmlData</DbParam>
      <ClassParam>XmlData</ClassParam>
    </MapParam>
  </RequestType>

  <RequestType FetchType="GET" Operation="GetTempRespondent">
    <spName>UspGetTempRespondent</spName>
    <MapParam>
      <DbParam>@SessionId</DbParam>
      <ClassParam>SessionId</ClassParam>
    </MapParam>
  </RequestType>
  <RequestType FetchType="SET" Operation="UpdateTempRespondent">
    <spName>UspUpdateTempRespondent</spName>
    <MapParam>
      <DbParam>@XmlData</DbParam>
      <ClassParam>XmlData</ClassParam>
    </MapParam>
  </RequestType>

  <RequestType FetchType="SET" Operation="GetException">
    <spName>UspSaveRespondentException</spName>
    <MapParam>
      <DbParam>@SessionId</DbParam>
      <ClassParam>SessionId</ClassParam>
    </MapParam>
  </RequestType>

  <RequestType FetchType="SET" Operation="GetBulkException">
    <spName>UspSaveBulkRespondent</spName>
    <MapParam>
      <DbParam>@SessionId</DbParam>
      <ClassParam>SessionId</ClassParam>
    </MapParam>
  </RequestType>
  
  <RequestType FetchType="GET" Operation="GetRespondentException">
    <spName>UspGetRespondentException</spName>
    <MapParam>
      <DbParam>@SessionId</DbParam>
      <ClassParam>SessionId</ClassParam>
    </MapParam>
  </RequestType>
</Request>