﻿<?xml version="1.0" encoding="utf-8" ?>
<Request>
  <RequestType FetchType="GET">
    <spName>UspGetMessageLibrary</spName>
    <MapParam>
      <DbParam>@CustomerId</DbParam>
      <ClassParam>CustomerId</ClassParam>
    </MapParam>
    <MapParam>
      <DbParam>@LibTypeId</DbParam>
      <ClassParam>LibTypeId</ClassParam>
    </MapParam>
  </RequestType>
  <RequestType FetchType="GET" Operation="GetCategory">
    <spName>UspGetLibraryCategory</spName>
    <MapParam>
      <DbParam>@LibId</DbParam>
      <ClassParam>LibId</ClassParam>
    </MapParam>
    <MapParam>
      <DbParam>@TypeName</DbParam>
      <ClassParam>LibType</ClassParam>
    </MapParam>
  </RequestType>

  <RequestType FetchType="GET" Operation="SearchMessageFromLibrary">
    <spName>UspSearchLibraryMessage</spName>
    <MapParam>
      <DbParam>@LibId</DbParam>
      <ClassParam>LibId</ClassParam>
    </MapParam>
    <MapParam>
      <DbParam>@CategoryId</DbParam>
      <ClassParam>CategoryId</ClassParam>
    </MapParam>
  </RequestType>
  <RequestType FetchType="GET" Operation="SearchMessageLibraryDetails">
    <spName>UspSearchMessageDetails</spName>
    <MapParam>
      <DbParam>@messageLibId</DbParam>
      <ClassParam>messageLibId</ClassParam>
    </MapParam>
    <MapParam>
      <DbParam>@CategoryId</DbParam>
      <ClassParam>CategoryId</ClassParam>
    </MapParam>
  </RequestType>
  <RequestType FetchType="GET" Operation="DeleteMessageLibrary">
    <spName>UspDeleteMessageLibrary</spName>
    <MapParam>
      <DbParam>@MessageLibId</DbParam>
      <ClassParam>MessageLibId</ClassParam>
    </MapParam>
  </RequestType>
  <RequestType FetchType="SET" Operation="UspSaveMessageLibrary">
    <spName>UspSaveMessageLibrary</spName>
    <MapParam>
      <DbParam>@XmlData</DbParam>
      <ClassParam>XmlData</ClassParam>
    </MapParam>
  </RequestType>
  <RequestType FetchType="SET" Operation="UspSaveMessageCategory">
    <spName>uspSaveLibraryCategory</spName>
    <MapParam>
      <DbParam>@XmlData</DbParam>
      <ClassParam>XmlData</ClassParam>
    </MapParam>
  </RequestType>
  <RequestType FetchType="SET" Operation="SaveMessageLibraryDetails">
    <spName>UspSaveMessageLibraryDetails</spName>
    <MapParam>
      <DbParam>@XmlData</DbParam>
      <ClassParam>XmlData</ClassParam>
    </MapParam>
  </RequestType>
  <RequestType FetchType="GET" Operation="CheckCategory">
    <spName>UspCheckLibraryCategory</spName>
    <MapParam>
      <DbParam>@LibId</DbParam>
      <ClassParam>LibId</ClassParam>
    </MapParam>
    <MapParam>
      <DbParam>@CategoryId</DbParam>
      <ClassParam>CategoryId</ClassParam>
    </MapParam>
  </RequestType>
</Request>