﻿<?xml version="1.0" encoding="utf-8" ?>
<Request>
  <RequestType FetchType="GET" Operation="PanelLibrary">
    <spName>UspGetMessageLibrary</spName>
    <MapParam>
      <DbParam>@CustomerId</DbParam>
      <ClassParam>CustomerId</ClassParam>
    </MapParam>
    <MapParam>
      <DbParam>@LibTypeId</DbParam>
      <ClassParam>LibTypeId</ClassParam>
    </MapParam>
  </RequestType>

  <RequestType FetchType="SET" Operation="SaveLibrary">
    <spName>UspSaveMessageLibrary</spName>
    <MapParam>
      <DbParam>@XmlData</DbParam>
      <ClassParam>XmlData</ClassParam>
    </MapParam>
  </RequestType>

  <RequestType FetchType="GET" Operation="GetPanelMember">
    <spName>UspGetPanelMembers</spName>
    <MapParam>
      <DbParam>@PanelistId</DbParam>
      <ClassParam>PanelistId</ClassParam>
    </MapParam>
  </RequestType>
  <RequestType FetchType="GET" Operation="GetPanelCategory">
    <spName>UspGetPanelCategory</spName>
    <MapParam>
      <DbParam>@LibId</DbParam>
      <ClassParam>LibId</ClassParam>
    </MapParam>
  </RequestType>
  <RequestType FetchType="GET" Operation="GetMember">
    <spName>UspGetRespondent</spName>
    <MapParam>
      <DbParam>@RespondentCode</DbParam>
      <ClassParam>RespondentCode</ClassParam>
    </MapParam>
  </RequestType>

  <RequestType FetchType="GET" Operation="SearchPanel">
    <spName>UspSearchPanelMembers</spName>
    <MapParam>
      <DbParam>@LibId</DbParam>
      <ClassParam>LibId</ClassParam>
    </MapParam>
    <MapParam>
      <DbParam>@CategoryId</DbParam>
      <ClassParam>CategoryId</ClassParam>
    </MapParam>
    <MapParam>
      <DbParam>@PanelistName</DbParam>
      <ClassParam>PanelistName</ClassParam>
    </MapParam>
  </RequestType>
  <RequestType FetchType="GET" Operation="SearchMembers">
    <spName>UspSearchRespondent</spName>
    <MapParam>
      <DbParam>@PanelistId</DbParam>
      <ClassParam>PanelistId</ClassParam>
    </MapParam>
  </RequestType>
  <RequestType FetchType="SET" Operation="SaveMembers">
    <spName>UspSaveRespondent</spName>
    <MapParam>
      <DbParam>@XMlData</DbParam>
      <ClassParam>XmlData</ClassParam>
    </MapParam>
  </RequestType>

  <RequestType FetchType="SET" Operation="SavePanel">
    <spName>UspSavePanelMembers</spName>
    <MapParam>
      <DbParam>@XMlData</DbParam>
      <ClassParam>XmlData</ClassParam>
    </MapParam>
  </RequestType>

  <RequestType FetchType="SET" Operation="SavePanleCategory">
    <spName>UspSavePanelCategory</spName>
    <MapParam>
      <DbParam>@XmlData</DbParam>
      <ClassParam>XmlData</ClassParam>
    </MapParam>
  </RequestType>

  <RequestType FetchType="SET" Operation="DeletePanel">
    <spName>UspDeletePanelMembers</spName>
    <MapParam>
      <DbParam>@PanelistId</DbParam>
      <ClassParam>PanelistId</ClassParam>
    </MapParam>
  </RequestType>
  <RequestType FetchType="SET" Operation="DeleteMember">
    <spName>UspDeleteRespondent</spName>
    <MapParam>
      <DbParam>@RespondentId</DbParam>
      <ClassParam>RespondentId</ClassParam>
    </MapParam>
  </RequestType>

</Request>
