﻿<?xml version="1.0" encoding="utf-8" ?>
<Request>
  <RequestType FetchType="GET" Operation="GetPlayList">
    <spName>UspGetPlayList</spName>
    <MapParam>
      <DbParam>@PlayListId</DbParam>
      <ClassParam>PlayListId</ClassParam>
    </MapParam>
  </RequestType>
  <RequestType FetchType="GET" Operation="GetSongList">
    <spName>UspGetSongList</spName>
    <MapParam>
      <DbParam>@PlayListId</DbParam>
      <ClassParam>PlayListId</ClassParam>
    </MapParam>
  </RequestType>
</Request>