﻿<?xml version="1.0" encoding="utf-8" ?>
<Request>
  <RequestType FetchType="GET" Operation="GetList">
    <spName>UspGetQuestionLibrary</spName>
    <MapParam>
      <DbParam>@CustomerId</DbParam>
      <ClassParam>CustomerId</ClassParam>
    </MapParam>
  </RequestType>
  <RequestType FetchType="GET" Operation="GetQuestionFromLibrary">
    <spName>UspGetQuestionFromLibrary</spName>
    <MapParam>
      <DbParam>@LibraryId</DbParam>
      <ClassParam>LibraryId</ClassParam>
    </MapParam>
    <MapParam>
      <DbParam>@QuestionId</DbParam>
      <ClassParam>QuestionId</ClassParam>
    </MapParam>
  </RequestType>
  <RequestType FetchType="GET" Operation="SearchQuestionLibrary">
    <spName>UspSearchLibraryQuestions</spName>
    <MapParam>
      <DbParam>@LibId</DbParam>
      <ClassParam>LibId</ClassParam>
    </MapParam>
    <MapParam>
      <DbParam>@CategoryId</DbParam>
      <ClassParam>CategoryId</ClassParam>
    </MapParam>
  </RequestType>
  <RequestType FetchType="GET" Operation="SearchQuestionLibraryDetails">
    <spName>UspSearchQuestionDetails</spName>
    <MapParam>
      <DbParam>@questionLibId</DbParam>
      <ClassParam>questionLibId</ClassParam>
    </MapParam>
    <MapParam>
      <DbParam>@CategoryId</DbParam>
      <ClassParam>CategoryId</ClassParam>
    </MapParam>
  </RequestType>
  <RequestType FetchType="GET" Operation="DeleteQuestionLibrary">
    <spName>UspDeleteQuestionLibrary</spName>
    <MapParam>
      <DbParam>@QuestionLibId</DbParam>
      <ClassParam>QuestionLibId</ClassParam>
    </MapParam>   
  </RequestType>
  <RequestType FetchType="SET" Operation="SaveQuestionLibrary">
    <spName>UspSaveQuestionLibrary</spName>
    <MapParam>
      <DbParam>@XmlData</DbParam>
      <ClassParam>XmlData</ClassParam>
    </MapParam>
  </RequestType>
  <RequestType FetchType="SET" Operation="SaveQuestionCategory">
    <spName>UspSaveQuestionCategory</spName>
    <MapParam>
      <DbParam>@XmlData</DbParam>
      <ClassParam>XmlData</ClassParam>
    </MapParam>
  </RequestType>
  <RequestType FetchType="SET" Operation="UspSaveQuestionLibraryDetails">
    <spName>UspSaveQuestionLibraryDetails</spName>
    <MapParam>
      <DbParam>@XmlData</DbParam>
      <ClassParam>XmlData</ClassParam>
    </MapParam>
  </RequestType>
</Request>