﻿<?xml version="1.0" encoding="utf-8" ?>
<Request>
  <RequestType FetchType="GET" Operation="GetSurveyQuestions">
    <spName>USPGetSurveyQuestions</spName>
    <MapParam>
      <DbParam>@QuestionId</DbParam>
      <ClassParam>QuestionId</ClassParam>
    </MapParam>
    <MapParam>
      <DbParam>@SurveyId</DbParam>
      <ClassParam>SurveyId</ClassParam>
    </MapParam>
  </RequestType>
  <RequestType FetchType="GET" Operation="GetSurveyBySession">
    <spName>UspGetSurveyBySession</spName>
    <MapParam>
      <DbParam>@SessionId</DbParam>
      <ClassParam>SessionId</ClassParam>
    </MapParam>
    <MapParam>
      <DbParam>@SurveyId</DbParam>
      <ClassParam>SurveyId</ClassParam>
    </MapParam>
  </RequestType>
</Request>