﻿<?xml version="1.0" encoding="utf-8" ?>
<Request> 
  <RequestType FetchType="GET" Operation="GetMember">
    <spName>UspGetRespondent</spName>
    <MapParam>
      <DbParam>@RespondentId</DbParam>
      <ClassParam>RespondentId</ClassParam>
    </MapParam>
  </RequestType>
  <RequestType FetchType="GET" Operation="SearchMembers">
    <spName>UspSearchRespondent</spName>
    <MapParam>
      <DbParam>@PanelistId</DbParam>
      <ClassParam>PanelistId</ClassParam>
    </MapParam>
    <MapParam>
      <DbParam>@EmailId</DbParam>
      <ClassParam>EmailId</ClassParam>
    </MapParam>
  </RequestType>
  <RequestType FetchType="SET" Operation="SaveMembers">
    <spName>UspSaveRespondent</spName>
    <MapParam>
      <DbParam>@XMlData</DbParam>
      <ClassParam>XmlData</ClassParam>
    </MapParam>
  </RequestType>  
  <RequestType FetchType="SET" Operation="DeleteMember">
    <spName>UspDeleteRespondent</spName>
    <MapParam>
      <DbParam>@RespondentId</DbParam>
      <ClassParam>RespondentId</ClassParam>
    </MapParam>
  </RequestType>
  
</Request>
