﻿<?xml version="1.0" encoding="utf-8" ?>
<Request>
  <RequestType FetchType="SET" Operation="SaveSurveyResponse">
    <spName>UspSaveSurveyResponse</spName>
    <MapParam>
      <DbParam>@XMlData</DbParam>
      <ClassParam>XmlData</ClassParam>
    </MapParam>
  </RequestType>
  <RequestType FetchType="GET" Operation="GetSurveyResponses">
    <spName>UspGetSurveyResponse</spName>
    <MapParam>
      <DbParam>@QuestionId</DbParam>
      <ClassParam>QuestionId</ClassParam>
    </MapParam>
    <MapParam>
      <DbParam>@SurveyId</DbParam>
      <ClassParam>SurveyId</ClassParam>
    </MapParam>
    <MapParam>
      <DbParam>@SessionId</DbParam>
      <ClassParam>SessionId</ClassParam>
    </MapParam>
  </RequestType>
  <RequestType FetchType="SET" Operation="CompleteSurvey">
    <spName>UspCompleteSurvey</spName>
    <MapParam>
      <DbParam>@SurveyId</DbParam>
      <ClassParam>SurveyId</ClassParam>
    </MapParam>
    <MapParam>
      <DbParam>@SessionId</DbParam>
      <ClassParam>SessionId</ClassParam>
    </MapParam>
  </RequestType>
</Request>