﻿<?xml version="1.0" encoding="utf-8" ?>
<Request>
  <RequestType FetchType="GET">
    <spName>UspGetSoundClipInfo</spName>
    <MapParam>
      <DbParam>@FileLibId</DbParam>
      <ClassParam>FileLibId</ClassParam>
    </MapParam>   
  </RequestType>
  <RequestType FetchType="SET" Operation="SaveUploadSession">
    <spName>UspSaveSession</spName>
    <MapParam>
      <DbParam>@XmlData</DbParam>
      <ClassParam>XmlData</ClassParam>
    </MapParam>
  </RequestType>
  <RequestType FetchType="GET" Operation="GetTempSoundClip">
    <spName>UspGetTempSoundClipInfo</spName>
    <MapParam>
      <DbParam>@SessionId</DbParam>
      <ClassParam>SessionId</ClassParam>
    </MapParam>
  </RequestType>
  <RequestType FetchType="SET" Operation="UpdateTempSoundClip">
    <spName>UspUpdateTempSoundClipInfo</spName>
    <MapParam>
      <DbParam>@XmlData</DbParam>
      <ClassParam>XmlData</ClassParam>
    </MapParam>
  </RequestType>
  <RequestType FetchType="SET" Operation="GetException">
    <spName>UspSaveSoundClipInfoException</spName>
    <MapParam>
      <DbParam>@SessionId</DbParam>
      <ClassParam>SessionId</ClassParam>
    </MapParam>
  </RequestType>

  <RequestType FetchType="SET" Operation="GetBulkException">
    <spName>UspSaveBulkSoundClipInfo</spName>
    <MapParam>
      <DbParam>@SessionId</DbParam>
      <ClassParam>SessionId</ClassParam>
    </MapParam>
  </RequestType>

  <RequestType FetchType="GET" Operation="GetSoundClipException">
    <spName>UspGetSoundClipInfoException</spName>
    <MapParam>
      <DbParam>@SessionId</DbParam>
      <ClassParam>SessionId</ClassParam>
    </MapParam>
  </RequestType>

</Request>