﻿<?xml version="1.0" encoding="utf-8" ?>
<Request>
  <RequestType FetchType="GET" Operation="GetList">
    <spName>UspGetSurveyLibrary</spName>
    <MapParam>
      <DbParam>@CustomerId</DbParam>
      <ClassParam>CustomerId</ClassParam>
    </MapParam>    
  </RequestType>
  <RequestType FetchType="GET" Operation="GetSurveyFromLibrary">
    <spName>UspGetSurveyFromLibrary</spName>
    <MapParam>
      <DbParam>@LibraryId</DbParam>
      <ClassParam>LibraryId</ClassParam>
    </MapParam>
    <MapParam>
      <DbParam>@SurveyId</DbParam>
      <ClassParam>SurveyId</ClassParam>
    </MapParam>
  </RequestType>
  <RequestType FetchType="GET" Operation="SearchSurveyLibrary">
    <spName>UspSearchLibrarySurvey</spName>
    <MapParam>
      <DbParam>@LibId</DbParam>
      <ClassParam>LibId</ClassParam>
    </MapParam>
    <MapParam>
      <DbParam>@CategoryId</DbParam>
      <ClassParam>CategoryId</ClassParam>
    </MapParam>
  </RequestType>
  <RequestType FetchType="GET" Operation="SearchSurveryLibraryDetails">
    <spName>UspSearchSurveyDetails</spName>
    <MapParam>
      <DbParam>@SurveyLibId</DbParam>
      <ClassParam>SurveyLibId</ClassParam>
    </MapParam>
    <MapParam>
      <DbParam>@CategoryId</DbParam>
      <ClassParam>CategoryId</ClassParam>
    </MapParam>
  </RequestType>
  <RequestType FetchType="GET" Operation="DeleteSurveyLibrary">
    <spName>UspDeleteSurveyLibrary</spName>
    <MapParam>
      <DbParam>@SurveyLibId</DbParam>
      <ClassParam>SurveyLibId</ClassParam>
    </MapParam>
  </RequestType>
  <RequestType FetchType="SET" Operation="SaveSurveyLibrary">
    <spName>UspSaveSurveyLibrary</spName>
    <MapParam>
      <DbParam>@XmlData</DbParam>
      <ClassParam>XmlData</ClassParam>
    </MapParam>
  </RequestType>
  <RequestType FetchType="SET" Operation="SaveSurveyCategory">
    <spName>UspSaveSurveyCategory</spName>
    <MapParam>
      <DbParam>@XmlData</DbParam>
      <ClassParam>XmlData</ClassParam>
    </MapParam>
  </RequestType>
  <RequestType FetchType="SET" Operation="UspSaveSurveyLibraryDetails">
    <spName>UspSaveSurveyLibraryDetails</spName>
    <MapParam>
      <DbParam>@XmlData</DbParam>
      <ClassParam>XmlData</ClassParam>
    </MapParam>
  </RequestType>
</Request>