﻿<?xml version="1.0" encoding="utf-8" ?>
<Request>
  <RequestType FetchType="GET">
    <spName>uspGetUsers</spName>
    <MapParam>
      <DbParam>@UserId</DbParam>
      <ClassParam>UserId</ClassParam>
    </MapParam>
    <MapParam>
      <DbParam>@LoginId</DbParam>
      <ClassParam>LoginId</ClassParam>
    </MapParam>
    <MapParam>
      <DbParam>@CustomerId</DbParam>
      <ClassParam>CustomerId</ClassParam>
    </MapParam>
  </RequestType>

  <RequestType FetchType="GET" Operation="SearchUsers">
    <spName>UspSearchUsers</spName>
    <MapParam>
      <DbParam>@UserCode</DbParam>
      <ClassParam>UserCode</ClassParam>
    </MapParam>
    <MapParam>
      <DbParam>@UserName</DbParam>
      <ClassParam>UserName</ClassParam>
    </MapParam>
    <MapParam>
      <DbParam>@LoginId</DbParam>
      <ClassParam>LoginId</ClassParam>
    </MapParam>
    <MapParam>
      <DbParam>@EmailId</DbParam>  
      <ClassParam>EmailId</ClassParam>
    </MapParam>
    <MapParam>
      <DbParam>@CustomerName</DbParam>
      <ClassParam>CustomerName</ClassParam>
    </MapParam>
  </RequestType>  
  <RequestType FetchType="SET">
    <spName>UspSaveUser</spName>
    <MapParam>
      <DbParam>@XMlData</DbParam>
      <ClassParam>XmlData</ClassParam>
    </MapParam>
  </RequestType>
  <RequestType FetchType="SET" Operation="DeleteUser">
    <spName>UspDeleteUsers</spName>
    <MapParam>
      <DbParam>@LoginId</DbParam>
      <ClassParam>LoginId</ClassParam>
    </MapParam>
  </RequestType>
  <RequestType FetchType="SET" Operation="CheckUserCode">
    <spName>UspVerifyUserCode</spName>
    <MapParam>
      <DbParam>@UserCode</DbParam>
      <ClassParam>UserCode</ClassParam>
    </MapParam>
    <MapParam>
      <DbParam>@UserId</DbParam>
      <ClassParam>UserId</ClassParam>
    </MapParam> 
  </RequestType>
  
</Request>