{
	success: true,
	status: 0,
	panels: [
		{
			id: '1',
			library: 'LIB01',
			category: 'CTGRY12',
			name: 'Panel1',
			lastUsed: 'July 7, 2012 12:45 PM',
			members: [
					{
						"id":"1",
						"referenceId":"201",
						"panel":"1",
						"code":"Res1",
						"firstName":"SANDEEP",
						"lastName":"S",
						"emailId":"sandeep@gmail.com",
						"gender":"M ",
						"birthDate":"8/31/1987 12:00:00 AM",
						"town":"New York",
						"udf1":"",
						"udf2":"",
						"udf3":"",
						"udf4":"",
						"udf5":"",
						"createdBy":"",
						"modifiedBy":"",
						"isDeleted":"True",
						"isActive":"True"
					},
					{
						"id":"2",
						"referenceId":"202",
						"panel":"1",
						"code":"Res2",
						"firstName":"JHONNY",
						"lastName":"J",
						"emailId":"jhonny@gmail.com",
						"gender":"M ",
						"birthDate":"8/31/1987 12:00:00 AM",
						"town":"New York",
						"udf1":"",
						"udf2":"",
						"udf3":"",
						"udf4":"",
						"udf5":"",
						"createdBy":"",
						"modifiedBy":"",
						"isDeleted":"True",
						"isActive":"True"
					}
				],
			status: 'Active'
		},
		{
			id: '2',
			library: 'LIB01', 
			category: 'CTGRY12',
			name: 'Steve T',
			lastUsed: 'July 12,	2012 02:30 PM',
			members: [
					{
						"id":"1",
						"panel":"2",
						"code":"Res1",
						"firstName":"SANDEEP",
						"lastName":"S",
						"emailId":"sandeep@gmail.com",
						"gender":"M ",
						"birthDate":"8/31/1987 12:00:00 AM",
						"town":"New York",
						"udf1":"",
						"udf2":"",
						"udf3":"",
						"udf4":"",
						"udf5":"",
						"createdBy":"",
						"modifiedBy":"",
						"isDeleted":"True",
						"isActive":"True"
					},
					{
						"id":"2",
						"referenceId":"202",
						"panel":"1",
						"code":"Res2",
						"firstName":"JHONNY",
						"lastName":"J",
						"emailId":"jhonny@gmail.com",
						"gender":"M ",
						"birthDate":"8/31/1987 12:00:00 AM",
						"town":"New York",
						"udf1":"",
						"udf2":"",
						"udf3":"",
						"udf4":"",
						"udf5":"",
						"createdBy":"",
						"modifiedBy":"",
						"isDeleted":"True",
						"isActive":"True"
					}
				],
			status: 'Completed'
		},
		{
			id: '3',
			library: 'LIB01',
			category: 'CTGRY12',
			name: 'Panle2',
			lastUsed: 'March 10, 2012 03:45 AM',
			members: [
					{
						"id":"1",
						"panel":"2",
						"code":"Res1",
						"firstName":"SANDEEP",
						"lastName":"S",
						"emailId":"sandeep@gmail.com",
						"gender":"M ",
						"birthDate":"8/31/1987 12:00:00 AM",
						"town":"New York",
						"udf1":"",
						"udf2":"",
						"udf3":"",
						"udf4":"",
						"udf5":"",
						"createdBy":"",
						"modifiedBy":"",
						"isDeleted":"True",
						"isActive":"True"
					},
					{
						"id":"2",
						"referenceId":"202",
						"panel":"1",
						"code":"Res2",
						"firstName":"JHONNY",
						"lastName":"J",
						"emailId":"jhonny@gmail.com",
						"gender":"M ",
						"birthDate":"8/31/1987 12:00:00 AM",
						"town":"New York",
						"udf1":"",
						"udf2":"",
						"udf3":"",
						"udf4":"",
						"udf5":"",
						"createdBy":"",
						"modifiedBy":"",
						"isDeleted":"True",
						"isActive":"True"
					}
				],
			status: 'Active'
		}
	]
}