{
	"success":"true",
	"status":"200",
	"msg":"Success.",
	"members":{
		"id":"88",
		"panel":"",
		"code":"Res88",
		"firstName":"TestFirstName",
		"lastName":"TestLastName",
		"emailId":"test@email.com",
		"gender":"M ",
		"birthDate":"9/29/1987 12:00:00 AM",
		"town":"Mumbai",
		"userDefindField1":"Sample5",
		"userDefindField2":"Sample1",
		"userDefindField3":"Sample2",
		"userDefindField4":"Sample3",
		"userDefindField5":"Sample4",
		"createdBy":"",
		"modifiedBy":"",
		"isDeleted":"True",
		"isActive":"True"
	}
}

 

