﻿<?xml version="1.0" encoding="utf-8" ?>
<Request>
  <RequestType FetchType="GET">
    <spName>uspGetCustomers</spName>
    <MapParam>
      <DbParam>@CustomerId</DbParam>
      <ClassParam>CustomerId</ClassParam>
    </MapParam>
  </RequestType>
  <RequestType FetchType="SET">
    <spName>uspSaveCustomer</spName>
    <MapParam>
      <DbParam>@CustomerId</DbParam>
      <ClassParam>CustomerId</ClassParam>
    </MapParam>
    <MapParam>
      <DbParam>@CustomerName</DbParam>
      <ClassParam>CustomerName</ClassParam>
    </MapParam>
  </RequestType>
</Request>
  