﻿<?xml version="1.0" encoding="utf-8" ?>
<Request>
  <RequestType FetchType="GET" Operation="GetList">
    <spName>UspGetFileLibraryList</spName>
    <MapParam>
      <DbParam>@CustomerId</DbParam>
      <ClassParam>CustomerId</ClassParam>
    </MapParam>   
  </RequestType>
  <RequestType FetchType="SET">
    <spName>UspGetFileLibrary</spName>
    <MapParam>
      <DbParam>@FileLibId</DbParam>
      <ClassParam>FileLibId</ClassParam>
    </MapParam>
  </RequestType>
</Request>