﻿<?xml version="1.0" encoding="utf-8" ?>
<Request>
  <RequestType FetchType="GET">
    <spName>UspGetMediaInfo</spName>
    <MapParam>
      <DbParam>@QuestionId</DbParam>
      <ClassParam>QuestionId</ClassParam>
    </MapParam>
    <MapParam>
      <DbParam>@FileLibId</DbParam>
      <ClassParam>FileLibId</ClassParam>
    </MapParam>
    <MapParam>
      <DbParam>@CustomerId</DbParam>
      <ClassParam>CustomerId</ClassParam>
    </MapParam>
    <MapParam>
      <DbParam>@SurveyId</DbParam>
      <ClassParam>SurveyId</ClassParam>
    </MapParam>
  </RequestType>
</Request>