﻿<?xml version="1.0" encoding="utf-8" ?>
<Request>
  <RequestType FetchType="GET" Operation="GetList">
    <spName>UspGetQuestionLibrary</spName>
    <MapParam>
      <DbParam>@CustomerId</DbParam>
      <ClassParam>CustomerId</ClassParam>
    </MapParam>
  </RequestType>
  <RequestType FetchType="GET" Operation="GetQuestionFromLibrary">
    <spName>UspGetQuestionFromLibrary</spName>
    <MapParam>
      <DbParam>@LibraryId</DbParam>
      <ClassParam>LibraryId</ClassParam>
    </MapParam>
    <MapParam>
      <DbParam>@QuestionId</DbParam>
      <ClassParam>QuestionId</ClassParam>
    </MapParam>
  </RequestType>
</Request>