﻿<?xml version="1.0" encoding="utf-8" ?>
<Request>
  <RequestType FetchType="GET" Operation="GetSurvey">
    <spName>uspGetSurvey</spName>
    <MapParam>
      <DbParam>@CustomerId</DbParam>
      <ClassParam>CustomerId</ClassParam>
    </MapParam>
    <MapParam>
      <DbParam>@SurveyId</DbParam>
      <ClassParam>SurveyId</ClassParam>
    </MapParam>
  </RequestType>
  <RequestType FetchType="GET" Operation="GetMySurvey">
    <spName>uspGetMySurvey</spName>
    <MapParam>
      <DbParam>@CustomerId</DbParam>
      <ClassParam>CustomerId</ClassParam>
    </MapParam>
  </RequestType>
</Request>