﻿<?xml version="1.0" encoding="utf-8" ?>
<Request>
  <RequestType FetchType="GET" Operation="GetList">
    <spName>UspGetSurveyLibrary</spName>
    <MapParam>
      <DbParam>@CustomerId</DbParam>
      <ClassParam>CustomerId</ClassParam>
    </MapParam>    
  </RequestType>
  <RequestType FetchType="GET" Operation="GetSurveyFromLibrary">
    <spName>UspGetSurveyFromLibrary</spName>
    <MapParam>
      <DbParam>@LibraryId</DbParam>
      <ClassParam>LibraryId</ClassParam>
    </MapParam>
    <MapParam>
      <DbParam>@SurveyId</DbParam>
      <ClassParam>SurveyId</ClassParam>
    </MapParam>
  </RequestType>
</Request>