﻿<?xml version="1.0" encoding="utf-8" ?>
<Request>
  <RequestType FetchType="GET">
    <spName>uspGetUsers</spName>
    <MapParam>
      <DbParam>@UserId</DbParam>
      <ClassParam>UserId</ClassParam>
    </MapParam>
  </RequestType>
  <RequestType FetchType="GET" Operation="VerifyUser">
    <spName>UspVerifyUser</spName>
    <MapParam>
      <DbParam>@LoginId</DbParam>
      <ClassParam>LoginId</ClassParam>
    </MapParam>
    <MapParam>
      <DbParam>@UserPassword</DbParam>
      <ClassParam>Password</ClassParam>
    </MapParam>
    <MapParam>
      <DbParam>@EmailId</DbParam>
      <ClassParam>EmailId</ClassParam>
    </MapParam>
  </RequestType>

  <RequestType FetchType="GET" Operation="RoleAccessModule">
    <spName>UspGetRoleAccess</spName>
    <MapParam>
      <DbParam>@UserType</DbParam>
      <ClassParam>UserType</ClassParam>
    </MapParam>
  </RequestType>
  <RequestType FetchType="SET">
    <spName>uspSaveUser</spName>
    <MapParam>
      <DbParam>@UserId</DbParam>
      <ClassParam>UserId</ClassParam>
    </MapParam>
    <MapParam>
      <DbParam>@LoginId</DbParam>
      <ClassParam>LoginId</ClassParam>
    </MapParam>
  </RequestType>
</Request>