[
  {
    "outputFileName": "Scripts/app/app.min.js",
    "inputFiles": [
      "Scripts/app/app.js"
    ]
  },
  {
    "outputFileName": "css/style.min.css",
    "inputFiles": [
      "css/style.css"
    ]
  },
  {
    "outputFileName": "css/daterangepicker.min.css",
    "inputFiles": [
      "css/daterangepicker.css"
    ]
  },
  {
    "outputFileName": "css/bootstrap.min.css",
    "inputFiles": [
      "css/bootstrap.css"
    ]
  },
  {
    "outputFileName": "Scripts/daterangepicker.min.js",
    "inputFiles": [
      "Scripts/daterangepicker.js"
    ]
  },
  {
    "outputFileName": "Scripts/app/settings/settings.min.js",
    "inputFiles": [
      "Scripts/app/settings/settings.js"
    ]
  }
]
