﻿<?xml version="1.0" encoding="utf-8" ?>
<StructureMap>
  <DefaultInstance PluginType="ORT_CORE.Interface.SurveyInterface.ISurvey,ORT_CORE" PluggedType="ORT_PERSISTENCE.SurveyPersistence.SurveyRepository,ORT_PERSISTENCE" />
  <DefaultInstance PluginType="ORT_CORE.Interface.SurveyInterface.IAnswer,ORT_CORE"  PluggedType="ORT_PERSISTENCE.SurveyPersistence.AnswerRepository,ORT_PERSISTENCE"/>
  <DefaultInstance PluginType="ORT_CORE.Interface.SurveyInterface.ICustomer,ORT_CORE"  PluggedType="ORT_PERSISTENCE.SurveyPersistence.CustomerRepository,ORT_PERSISTENCE"/>
  <DefaultInstance PluginType="ORT_CORE.Interface.SurveyInterface.IPlayList,ORT_CORE"  PluggedType="ORT_PERSISTENCE.SurveyPersistence.PlayListRepository,ORT_PERSISTENCE"/>
  <DefaultInstance PluginType="ORT_CORE.Interface.SurveyInterface.IPanelist,ORT_CORE"  PluggedType="ORT_PERSISTENCE.SurveyPersistence.PanelistRepository,ORT_PERSISTENCE"/>
  <DefaultInstance PluginType="ORT_CORE.Interface.SurveyInterface.IQuestion,ORT_CORE"  PluggedType="ORT_PERSISTENCE.SurveyPersistence.QuestionRepository,ORT_PERSISTENCE"/>
  <DefaultInstance PluginType="ORT_CORE.Interface.SurveyInterface.IQuota,ORT_CORE"  PluggedType="ORT_PERSISTENCE.SurveyPersistence.QuotaRepository,ORT_PERSISTENCE"/>
  <DefaultInstance PluginType="ORT_CORE.Interface.SurveyInterface.IRespondent,ORT_CORE"  PluggedType="ORT_PERSISTENCE.SurveyPersistence.RespondentRepository,ORT_PERSISTENCE"/>
  <DefaultInstance PluginType="ORT_CORE.Interface.SurveyInterface.IReward,ORT_CORE"  PluggedType="ORT_PERSISTENCE.SurveyPersistence.RewardRepository,ORT_PERSISTENCE"/>
  <DefaultInstance PluginType="ORT_CORE.Interface.SurveyInterface.ISetting,ORT_CORE"  PluggedType="ORT_PERSISTENCE.SurveyPersistence.SettingRepository,ORT_PERSISTENCE"/>
  <DefaultInstance PluginType="ORT_CORE.Interface.SurveyInterface.ISkipLogic,ORT_CORE"  PluggedType="ORT_PERSISTENCE.SurveyPersistence.SkipLogicRepository,ORT_PERSISTENCE"/>
  <DefaultInstance PluginType="ORT_CORE.Interface.SurveyInterface.IUser,ORT_CORE"  PluggedType="ORT_PERSISTENCE.SurveyPersistence.UserRepository,ORT_PERSISTENCE"/>
  <DefaultInstance PluginType="ORT_CORE.Interface.LibaryInterface.ISoundClip,ORT_CORE"  PluggedType="ORT_PERSISTENCE.LibraryPersistence.SoundClipRepository,ORT_PERSISTENCE"/>

  <DefaultInstance PluginType="ORT_CORE.Interface.SurveyInterface.IReponses,ORT_CORE" PluggedType="ORT_PERSISTENCE.SurveyPersistence.ResponsesRepository,ORT_PERSISTENCE" />
  
  <AddInstance PluginType="ORT_CORE.Interface.LibaryInterface.ILibrary,ORT_CORE"  PluggedType="ORT_PERSISTENCE.LibraryPersistence.FileLibraryRepository,ORT_PERSISTENCE" Key="FileLibraryRepository"/>
  <AddInstance PluginType="ORT_CORE.Interface.LibaryInterface.ILibrary,ORT_CORE"  PluggedType="ORT_PERSISTENCE.LibraryPersistence.GraphicLibraryRepository,ORT_PERSISTENCE" Key="GraphicLibraryRepository"/>
  <AddInstance PluginType="ORT_CORE.Interface.LibaryInterface.ILibrary,ORT_CORE"  PluggedType="ORT_PERSISTENCE.LibraryPersistence.MessageLibraryRepository,ORT_PERSISTENCE" Key="MessageLibraryRepository"/>
  <AddInstance PluginType="ORT_CORE.Interface.LibaryInterface.ILibrary,ORT_CORE"  PluggedType="ORT_PERSISTENCE.LibraryPersistence.QuestionLibraryRepository,ORT_PERSISTENCE" Key="QuestionLibraryRepository"/>
  <AddInstance PluginType="ORT_CORE.Interface.LibaryInterface.ILibrary,ORT_CORE"  PluggedType="ORT_PERSISTENCE.LibraryPersistence.SurveyLibraryRepository,ORT_PERSISTENCE" Key="SurveyLibraryRepository"/>
  <AddInstance PluginType="ORT_CORE.Interface.MasterInterface.IMaster,ORT_CORE"  PluggedType="ORT_PERSISTENCE.MasterPersistence.CityRepository,ORT_PERSISTENCE" Key="CityRepository"/>
  <AddInstance PluginType="ORT_CORE.Interface.MasterInterface.IMaster,ORT_CORE"  PluggedType="ORT_PERSISTENCE.MasterPersistence.CountryRepository,ORT_PERSISTENCE" Key="CountryRepository"/>
  <AddInstance PluginType="ORT_CORE.Interface.MasterInterface.IMaster,ORT_CORE"  PluggedType="ORT_PERSISTENCE.MasterPersistence.LanguageRepository,ORT_PERSISTENCE" Key="LanguageRepository"/>
  <AddInstance PluginType="ORT_CORE.Interface.MasterInterface.IMaster,ORT_CORE"  PluggedType="ORT_PERSISTENCE.MasterPersistence.RoleRepository,ORT_PERSISTENCE" Key="RoleRepository"/>
  <AddInstance PluginType="ORT_CORE.Interface.MasterInterface.IMaster,ORT_CORE"  PluggedType="ORT_PERSISTENCE.MasterPersistence.StateRepository,ORT_PERSISTENCE" Key="StateRepository"/>
  <AddInstance PluginType="ORT_CORE.Interface.MasterInterface.IMaster,ORT_CORE"  PluggedType="ORT_PERSISTENCE.MasterPersistence.TimeZoneRepository,ORT_PERSISTENCE" Key="TimeZoneRepository"/>

  <DefaultInstance PluginType="ORT_BUSSINESS_LAYER.SurveyEngine.Interface.IControl,ORT_BUSSINESS_LAYER"  PluggedType="ORT_BUSSINESS_LAYER.SurveyEngine.DynamicControls.PageBreak,ORT_BUSSINESS_LAYER" Key="PageBreak"/>

  <AddInstance PluginType="ORT_BUSSINESS_LAYER.SurveyEngine.Interface.IControl,ORT_BUSSINESS_LAYER"  PluggedType="ORT_BUSSINESS_LAYER.SurveyEngine.DynamicControls.MultiChoice,ORT_BUSSINESS_LAYER" Key="MultiChoice"/>

  <AddInstance PluginType="ORT_BUSSINESS_LAYER.SurveyEngine.Interface.IControl,ORT_BUSSINESS_LAYER"  PluggedType="ORT_BUSSINESS_LAYER.SurveyEngine.DynamicControls.SingleChoice,ORT_BUSSINESS_LAYER" Key="SingleChoice"/>
  
  <AddInstance PluginType="ORT_BUSSINESS_LAYER.SurveyEngine.Interface.IControl,ORT_BUSSINESS_LAYER"  PluggedType="ORT_BUSSINESS_LAYER.SurveyEngine.DynamicControls.BooleanChoice,ORT_BUSSINESS_LAYER" Key="BooleanChoice"/>
  
  <AddInstance PluginType="ORT_BUSSINESS_LAYER.SurveyEngine.Interface.IControl,ORT_BUSSINESS_LAYER"  PluggedType="ORT_BUSSINESS_LAYER.SurveyEngine.DynamicControls.TextInput,ORT_BUSSINESS_LAYER" Key="TextInput"/>

  <AddInstance PluginType="ORT_BUSSINESS_LAYER.SurveyEngine.Interface.IControl,ORT_BUSSINESS_LAYER"  PluggedType="ORT_BUSSINESS_LAYER.SurveyEngine.DynamicControls.DateInput,ORT_BUSSINESS_LAYER" Key="DateInput"/>
  <AddInstance PluginType="ORT_BUSSINESS_LAYER.SurveyEngine.Interface.IControl,ORT_BUSSINESS_LAYER"  PluggedType="ORT_BUSSINESS_LAYER.SurveyEngine.DynamicControls.NumberInput,ORT_BUSSINESS_LAYER" Key="NumberInput"/>

  <AddInstance PluginType="ORT_BUSSINESS_LAYER.SurveyEngine.Interface.IInstruction,ORT_BUSSINESS_LAYER"  PluggedType="ORT_BUSSINESS_LAYER.SurveyEngine.Instructions.ThankYouPage,ORT_BUSSINESS_LAYER" Key="ThankYouPage"/>

  <DefaultInstance PluginType="ORT_BUSSINESS_LAYER.SurveyEngine.Interface.IInstruction,ORT_BUSSINESS_LAYER"  PluggedType="ORT_BUSSINESS_LAYER.SurveyEngine.Instructions.ThankYouPage,ORT_BUSSINESS_LAYER" Key="ThankYouPage"/>

  <AddInstance PluginType="ORT_BUSSINESS_LAYER.SurveyEngine.Interface.IInstruction,ORT_BUSSINESS_LAYER"  PluggedType="ORT_BUSSINESS_LAYER.SurveyEngine.Instructions.MediaIntro,ORT_BUSSINESS_LAYER" Key="MediaIntro"/>
    
  <DefaultInstance PluginType="ORT_PERSISTENCE.UploadObjects.Interface.IUpload,ORT_PERSISTENCE"  PluggedType="ORT_PERSISTENCE.UploadObjects.Implmentation.MembersUpload,ORT_PERSISTENCE"/>
  <DefaultInstance PluginType="ORT_PERSISTENCE.UploadObjects.Interface.IUpload,ORT_PERSISTENCE"  PluggedType="ORT_PERSISTENCE.UploadObjects.Implmentation.SoundClipUpload,ORT_PERSISTENCE"/>

  <DefaultInstance PluginType="ORT_PERSISTENCE.UploadObjects.Interface.IGraphicsUpload,ORT_PERSISTENCE"  PluggedType="ORT_PERSISTENCE.UploadObjects.Implmentation.GraphicsUpload,ORT_PERSISTENCE"/>

</StructureMap>